Quantity,Name,Expansion Code,Expansion Name,Foil,Single Current Price,Total Current Price
1,Eladamri's Call,pls,Planeshift,TRUE,211.25,211.25
4,Cyclonic Rift,rtr,Return to Ravnica,,30.14,120.56
1,Mental Misstep,nph,New Phyrexia,TRUE,86.65,86.65
1,The One Ring,ltr,The Lord of the Rings: Tales of Middle-earth,TRUE,62.09,62.09
2,Parallel Lives,isd,Innistrad,,27.89,55.78
2,Exquisite Blood,jmp,Jumpstart,,22.86,45.72
5,Conjurer's Closet,avr,Avacyn Restored,,9,45
1,Cavern of Souls,avr,Avacyn Restored,,41.71,41.71
1,Skittering Invasion,roe,Rise of the Eldrazi,TRUE,40,40
4,Mental Misstep,nph,New Phyrexia,,9.49,37.96
1,Akroma's Memorial,m13,Magic 2013,,35.19,35.19
12,Gitaxian Probe,nph,New Phyrexia,,2.87,34.44
3,Cathars' Crusade,avr,Avacyn Restored,,9.86,29.58
1,Amulet of Vigor,wwk,Worldwake,,29.13,29.13
1,Arid Mesa,zen,Zendikar,,28.76,28.76
1,Torpor Orb,nph,New Phyrexia,TRUE,28.49,28.49
2,Praetor's Grasp,nph,New Phyrexia,,13.99,27.98
4,Tree of Redemption,isd,Innistrad,,6.34,25.36
1,Forest,ust,Unstable,TRUE,25.29,25.29
1,"Emrakul, the Aeons Torn",proe,Rise of the Eldrazi Promos,TRUE,24.88,24.88
2,Roil Elemental,zen,Zendikar,,11.94,23.88
1,"Valakut, the Molten Pinnacle",zen,Zendikar,,23.74,23.74
1,"Valgavoth, Terror Eater",dsk,Duskmourn: House of Horror,,23.48,23.48
4,Myr Turbine,mbs,Mirrodin Besieged,,5.54,22.16
4,Kuldotha Forgemaster,som,Scars of Mirrodin,,5.5,22
1,Quest for Renewal,wwk,Worldwake,TRUE,21.95,21.95
1,Marsh Flats,zen,Zendikar,,21.32,21.32
3,Unwinding Clock,brr,The Brothers' War Retro Artifacts,,7.03,21.09
1,Liliana of the Veil,isd,Innistrad,,18.78,18.78
1,Celestial Mantle,zen,Zendikar,TRUE,18.37,18.37
1,Stoneforge Mystic,wwk,Worldwake,,18.1,18.1
7,Blood Artist,avr,Avacyn Restored,,2.57,17.99
1,Tom Bombadil,ltr,The Lord of the Rings: Tales of Middle-earth,TRUE,17.35,17.35
3,Descendants' Path,avr,Avacyn Restored,,5.77,17.31
1,Breeding Pool,gtc,Gatecrash,,16.55,16.55
1,Realms Uncharted,roe,Rise of the Eldrazi,,16.08,16.08
1,Rooftop Storm,isd,Innistrad,TRUE,14.93,14.93
2,Temporal Mastery,avr,Avacyn Restored,,6.85,13.7
2,Phyrexian Unlife,nph,New Phyrexia,TRUE,6.81,13.62
1,Diregraf Captain,dka,Dark Ascension,TRUE,13.05,13.05
2,Laboratory Maniac,isd,Innistrad,,6.29,12.58
1,Lighthouse Chronologist,roe,Rise of the Eldrazi,,12.38,12.38
8,Battle Hymn,avr,Avacyn Restored,,1.52,12.16
1,Triumph of the Hordes,nph,New Phyrexia,,12.14,12.14
1,Overgrown Tomb,rtr,Return to Ravnica,,11.93,11.93
1,Meathook Massacre II,dsk,Duskmourn: House of Horror,,11.38,11.38
4,Caged Sun,mb1,Mystery Booster,,2.79,11.16
1,Steam Vents,rtr,Return to Ravnica,,11.15,11.15
3,Heartless Summoning,isd,Innistrad,,3.71,11.13
6,Suture Priest,nph,New Phyrexia,,1.84,11.04
1,Omen Machine,nph,New Phyrexia,TRUE,11,11
2,Scrambleverse,m12,Magic 2012,TRUE,5.34,10.68
3,"Melira, Sylvok Outcast",nph,New Phyrexia,,3.53,10.59
1,Temple Garden,rtr,Return to Ravnica,,10.5,10.5
1,Eldrazi Conscription,roe,Rise of the Eldrazi,,10.42,10.42
1,Godless Shrine,gtc,Gatecrash,,10.31,10.31
1,Blood Seeker,zen,Zendikar,TRUE,10.12,10.12
1,Asceticism,som,Scars of Mirrodin,,9.94,9.94
3,Xenograft,nph,New Phyrexia,TRUE,3.28,9.84
3,Soul's Attendant,roe,Rise of the Eldrazi,,3.25,9.75
1,Clone,2ed,Unlimited Edition,,9.73,9.73
1,"Vorinclex, Voice of Hunger",nph,New Phyrexia,,9.72,9.72
2,Reforge the Soul,avr,Avacyn Restored,,4.76,9.52
1,Angel of Jubilation,avr,Avacyn Restored,,9.41,9.41
1,Griselbrand,avr,Avacyn Restored,,9.39,9.39
1,Crab Umbra,roe,Rise of the Eldrazi,TRUE,9.37,9.37
1,Enduring Innocence,dsk,Duskmourn: House of Horror,,9.31,9.31
1,Overlord of the Mistmoors,dsk,Duskmourn: House of Horror,,9.31,9.31
6,Battle Hymn,avr,Avacyn Restored,,1.52,9.12
3,Memnite,som,Scars of Mirrodin,,3.03,9.09
2,Laughing Jasper Flint,otj,Outlaws of Thunder Junction,,4.54,9.08
1,Hovermyr,nph,New Phyrexia,TRUE,8.72,8.72
6,Khalni Garden,wwk,Worldwake,,1.42,8.52
1,Screaming Nemesis,dsk,Duskmourn: House of Horror,,8.46,8.46
1,Floodfarm Verge,dsk,Duskmourn: House of Horror,,8.31,8.31
3,Inexorable Tide,som,Scars of Mirrodin,,2.66,7.98
2,Malignus,avr,Avacyn Restored,,3.91,7.82
2,"Sorin, Lord of Innistrad Emblem",tdka,Dark Ascension Tokens,,3.87,7.74
1,Sanguine Bond,m10,Magic 2010,TRUE,7.63,7.63
1,Hex Parasite,nph,New Phyrexia,,7.58,7.58
3,Vandalblast,rtr,Return to Ravnica,,2.52,7.56
3,Vines of Vastwood,zen,Zendikar,,2.49,7.47
1,Vengevine,roe,Rise of the Eldrazi,,7.45,7.45
4,Chancellor of the Annex,mb1,Mystery Booster,,1.83,7.32
3,Endless Ranks of the Dead,isd,Innistrad,,2.43,7.29
1,Screaming Nemesis,dsk,Duskmourn: House of Horror,,7.26,7.26
1,"Mikaeus, the Unhallowed",dka,Dark Ascension,,7.25,7.25
2,True Conviction,som,Scars of Mirrodin,,3.59,7.18
1,Geralf's Messenger,dka,Dark Ascension,TRUE,7.02,7.02
5,Dispatch,c21,Commander 2021,,1.38,6.9
1,Grave Betrayal,rtr,Return to Ravnica,,6.72,6.72
1,Illusionist's Bracers,gtc,Gatecrash,TRUE,6.58,6.58
1,Floodfarm Verge,pdsk,Duskmourn: House of Horror Promos,,6.51,6.51
4,Stuffy Doll,m13,Magic 2013,,1.6,6.4
1,"Jor Kadeen, the Prevailer",nph,New Phyrexia,TRUE,6.33,6.33
4,Alchemist's Refuge,avr,Avacyn Restored,,1.58,6.32
1,"Aragorn and Arwen, Wed",ltr,The Lord of the Rings: Tales of Middle-earth,TRUE,6.31,6.31
1,Bilbo's Ring,ltr,The Lord of the Rings: Tales of Middle-earth,,6.28,6.28
12,Immerwolf,dka,Dark Ascension,,0.52,6.24
12,Snake Token,tzen,Zendikar Tokens,,0.52,6.24
1,Hushwood Verge,pdsk,Duskmourn: House of Horror Promos,TRUE,6.14,6.14
4,Semblance Anvil,som,Scars of Mirrodin,,1.53,6.12
2,Chromatic Lantern,rtr,Return to Ravnica,,3.01,6.02
1,Mass Appeal,avr,Avacyn Restored,TRUE,5.96,5.96
2,Squirrel Token,tust,Unstable Tokens,TRUE,2.89,5.78
1,"Galadriel, Gift-Giver",ltr,The Lord of the Rings: Tales of Middle-earth,,5.75,5.75
2,Magebane Lizard,otj,Outlaws of Thunder Junction,,2.85,5.7
1,Eternity Vessel,zen,Zendikar,,5.62,5.62
2,Boros Charm,gtc,Gatecrash,,2.78,5.56
1,Ichor Wellspring,mbs,Mirrodin Besieged,TRUE,5.53,5.53
7,Artful Dodge,dka,Dark Ascension,,0.78,5.46
1,Dragon Token (6/6),trtr,Return to Ravnica Tokens,,5.46,5.46
2,Vampire Token,tust,Unstable Tokens,TRUE,2.7,5.4
2,Ulvenwald Tracker,avr,Avacyn Restored,,2.66,5.32
4,Curse of Bloodletting,dka,Dark Ascension,,1.32,5.28
3,Reliquary Tower,m13,Magic 2013,,1.76,5.28
1,Herald of War,avr,Avacyn Restored,TRUE,5.26,5.26
3,Phyrexian Swarmlord,onc,Phyrexia: All Will Be One Commander,,1.74,5.22
4,Chancellor of the Dross,nph,New Phyrexia,,1.29,5.16
9,Seraph Sanctuary,avr,Avacyn Restored,,0.55,4.95
2,Myr Superion,nph,New Phyrexia,,2.46,4.92
1,Flowering of the White Tree,ltr,The Lord of the Rings: Tales of Middle-earth,,4.91,4.91
1,"Iona, Shield of Emeria",zen,Zendikar,,4.84,4.84
2,Pawn of Ulamog,roe,Rise of the Eldrazi,,2.4,4.8
2,Mind Unbound,m12,Magic 2012,TRUE,2.38,4.76
1,"Jin-Gitaxias, Core Augur",nph,New Phyrexia,,4.75,4.75
1,Nissa Revane,zen,Zendikar,,4.75,4.75
2,Druids' Repository,avr,Avacyn Restored,,2.36,4.72
1,Construct Token (x/x),tust,Unstable Tokens,TRUE,4.7,4.7
3,Isolated Chapel,isd,Innistrad,,1.56,4.68
2,Wish,afr,Adventures in the Forgotten Realms,,2.34,4.68
1,"Witch-king, Bringer of Ruin",ltr,The Lord of the Rings: Tales of Middle-earth,,4.68,4.68
1,Caged Sun,nph,New Phyrexia,TRUE,4.67,4.67
2,Herald of War,avr,Avacyn Restored,,2.3,4.6
1,Thornspire Verge,dsk,Duskmourn: House of Horror,,4.58,4.58
8,Cloudshift,avr,Avacyn Restored,,0.57,4.56
2,Harabaz Druid,wwk,Worldwake,,2.28,4.56
1,"Tamiyo, the Moon Sage",avr,Avacyn Restored,,4.47,4.47
1,Enduring Vitality,pdsk,Duskmourn: House of Horror Promos,,4.37,4.37
6,Rakdos Charm,rtr,Return to Ravnica,,0.72,4.32
1,Overlord of the Boilerbilges,dsk,Duskmourn: House of Horror,,4.08,4.08
7,Invisible Stalker,isd,Innistrad,,0.58,4.06
4,Stalwart Shield-Bearers,roe,Rise of the Eldrazi,,0.98,3.92
1,Bear Umbra,roe,Rise of the Eldrazi,,3.9,3.9
2,Vexing Devil,avr,Avacyn Restored,,1.94,3.88
1,Minas Tirith,ltr,The Lord of the Rings: Tales of Middle-earth,,3.86,3.86
3,Ogre Token,twwk,Worldwake Tokens,,1.26,3.78
1,Creeping Renaissance,isd,Innistrad,TRUE,3.71,3.71
2,Beguiler of Wills,dka,Dark Ascension,,1.85,3.7
1,Mirran Spy,mbs,Mirrodin Besieged,TRUE,3.7,3.7
3,Sphere of Safety,dsc,Duskmourn: House of Horror Commander,,1.2,3.6
1,Glistening Oil,nph,New Phyrexia,,3.59,3.59
1,Earl of Squirrel,ust,Unstable,,3.54,3.54
1,Myr Reservoir,som,Scars of Mirrodin,,3.53,3.53
1,Wingcrafter,avr,Avacyn Restored,TRUE,3.52,3.52
1,Rugged Prairie,eve,Eventide,,3.48,3.48
1,Garruk Wildspeaker,m10,Magic 2010,,3.48,3.48
1,Very Cryptic Command,ust,Unstable,,3.48,3.48
3,Soul of the Harvest,avr,Avacyn Restored,,1.14,3.42
1,Tajuru Preserver,roe,Rise of the Eldrazi,,3.4,3.4
2,Canopy Cover,wwk,Worldwake,,1.69,3.38
2,Goblin Token,tust,Unstable Tokens,TRUE,1.65,3.3
1,Manabarbs,m12,Magic 2012,,3.23,3.23
1,Rune-Scarred Demon,ima,Iconic Masters,,3.22,3.22
1,Training Grounds,roe,Rise of the Eldrazi,,3.22,3.22
1,"Elbrus, the Binding Blade",dka,Dark Ascension,,3.16,3.16
1,Withengar Unbound,dka,Dark Ascension,,3.16,3.16
3,Phyrexian Unlife,nph,New Phyrexia,,1.05,3.15
1,Whispersilk Cloak,m10,Magic 2010,,3.1,3.1
2,Reaper from the Abyss,isd,Innistrad,,1.5,3
1,Huntmaster of the Fells,dka,Dark Ascension,,2.96,2.96
1,Ravager of the Fells,dka,Dark Ascension,,2.96,2.96
3,Increasing Ambition,dka,Dark Ascension,,0.97,2.91
4,Call to the Kindred,dka,Dark Ascension,,0.72,2.88
4,Walking Atlas,wwk,Worldwake,,0.72,2.88
1,Supreme Verdict,rtr,Return to Ravnica,,2.87,2.87
2,Pathrazer of Ulamog,roe,Rise of the Eldrazi,,1.43,2.86
4,Zombie Apocalypse,dka,Dark Ascension,,0.71,2.84
1,Keimi Token,tneo,Kamigawa: Neon Dynasty Tokens,,2.84,2.84
3,Requiem Angel,c14,Commander 2014,,0.94,2.82
2,Havengul Lich,dka,Dark Ascension,,1.41,2.82
1,Wall of Blood,mrd,Mirrodin,,2.81,2.81
1,Insect Token,tm10,Magic 2010 Tokens,,2.79,2.79
2,Untimely Malfunction,dsk,Duskmourn: House of Horror,,1.39,2.78
2,Thopter Token,tust,Unstable Tokens,TRUE,1.38,2.76
1,Illusionist's Bracers,gtc,Gatecrash,,2.76,2.76
1,Pack Rat,rtr,Return to Ravnica,,2.76,2.76
5,Ghostly Flicker,avr,Avacyn Restored,,0.55,2.75
3,Nightveil Specter,gtc,Gatecrash,,0.91,2.73
2,Sulfur Falls,isd,Innistrad,,1.36,2.72
1,"Sauron, the Lidless Eye",ltr,The Lord of the Rings: Tales of Middle-earth,TRUE,2.71,2.71
1,Goblin Bushwhacker,zen,Zendikar,,2.7,2.7
2,Thrull Parasite,gtc,Gatecrash,,1.34,2.68
1,Entish Restoration,ltr,The Lord of the Rings: Tales of Middle-earth,,2.67,2.67
1,Return the Favor,otj,Outlaws of Thunder Junction,,2.66,2.66
4,Chancellor of the Forge,nph,New Phyrexia,,0.66,2.64
4,Flame Slash,rise,Rise of Eldrazi,,0.66,2.64
3,"Tibalt, the Fiend-Blooded",avr,Avacyn Restored,,0.88,2.64
1,Sylvan Primordial,gtc,Gatecrash,,2.59,2.59
1,Divinity of Pride,eve,Eventide,,2.58,2.58
1,Ponder,m12,Magic 2012,,2.58,2.58
1,Nissa's Chosen,pzen,Zendikar Promos,,2.58,2.58
1,Blood Artist,avr,Avacyn Restored,,2.57,2.57
1,Scepter of Empires,m12,Magic 2012,TRUE,2.56,2.56
1,Enduring Tenacity,dsk,Duskmourn: House of Horror,,2.49,2.49
1,The Shire,ltr,The Lord of the Rings: Tales of Middle-earth,,2.48,2.48
6,Essence Harvest,avr,Avacyn Restored,,0.41,2.46
3,Cackling Counterpart,isd,Innistrad,,0.82,2.46
2,Skittering Invasion,roe,Rise of the Eldrazi,,1.23,2.46
1,Instigator Gang,isd,Innistrad,TRUE,2.46,2.46
1,Wildblood Pack,isd,Innistrad,TRUE,2.46,2.46
1,Kabira Crossroads,zen,Zendikar,TRUE,2.45,2.45
2,Simic Charm,gtc,Gatecrash,,1.22,2.44
3,Requiem Angel,dka,Dark Ascension,,0.81,2.43
5,Curse of Echoes,dka,Dark Ascension,,0.48,2.4
4,Moltensteel Dragon,nph,New Phyrexia,,0.6,2.4
3,Harvester of Souls,avr,Avacyn Restored,,0.79,2.37
1,Feed the Pack,dka,Dark Ascension,TRUE,2.32,2.32
1,There and Back Again,ltr,The Lord of the Rings: Tales of Middle-earth,,2.32,2.32
2,Wurm Token (Trample 5/5),trtr,Return to Ravnica Tokens,,1.15,2.3
3,Norn's Annex,onc,Phyrexia: All Will Be One Commander,,0.76,2.28
2,Bojuka Bog,wwk,Worldwake,,1.13,2.26
1,Shriek Raptor,nph,New Phyrexia,TRUE,2.26,2.26
1,Tamiyo's Safekeeping,neo,Kamigawa: Neon Dynasty,,2.18,2.18
7,Spell Pierce,zen,Zendikar,,0.31,2.17
3,Myr Galvanizer,som,Scars of Mirrodin,,0.71,2.13
1,Rooftop Storm,isd,Innistrad,,2.13,2.13
4,Chancellor of the Spires,nph,New Phyrexia,,0.53,2.12
1,Alpha Authority,gtc,Gatecrash,,2.11,2.11
3,Vault of the Archangel,dka,Dark Ascension,,0.7,2.1
2,"Thalia, Guardian of Thraben",dka,Dark Ascension,,1.05,2.1
2,Curse of Death's Hold,isd,Innistrad,,1.05,2.1
1,Killing Wave,avr,Avacyn Restored,,2.07,2.07
1,Sheltered by Ghosts,dsk,Duskmourn: House of Horror,,2.07,2.07
1,Fires of Mount Doom,ltr,The Lord of the Rings: Tales of Middle-earth,,2.07,2.07
1,Daybreak Ranger,isd,Innistrad,TRUE,2.06,2.06
1,Nightfall Predator,isd,Innistrad,TRUE,2.06,2.06
4,Wild Defiance,avr,Avacyn Restored,,0.51,2.04
2,Otherworld Atlas,avr,Avacyn Restored,,1.02,2.04
1,Spirit Mantle,m12,Magic 2012,,2.04,2.04
1,Tainted Strike,som,Scars of Mirrodin,,2.03,2.03
3,Armadillo Cloak,inv,Invasion,,0.67,2.01
2,Creepy Doll,isd,Innistrad,,1,2
1,Lavaspur Boots,otj,Outlaws of Thunder Junction,,1.98,1.98
1,Peregrin Took,ltr,The Lord of the Rings: Tales of Middle-earth,TRUE,1.98,1.98
1,Grafdigger's Cage,dka,Dark Ascension,,1.96,1.96
1,Withering Torment,dsk,Duskmourn: House of Horror,,1.96,1.96
5,Delver of Secrets,isd,Innistrad,,0.39,1.95
5,Insectile Aberration,isd,Innistrad,,0.39,1.95
1,Great Hall of the Citadel,ltr,The Lord of the Rings: Tales of Middle-earth,TRUE,1.94,1.94
1,Sleeper Agent,10e,Tenth Edition,,1.93,1.93
4,Signal Pest,mbs,Mirrodin Besieged,,0.48,1.92
5,Markov Blademaster,dka,Dark Ascension,,0.38,1.9
1,Repay in Kind,roe,Rise of the Eldrazi,,1.9,1.9
4,Dual Casting,avr,Avacyn Restored,,0.47,1.88
2,Sorin's Vengeance,m12,Magic 2012,,0.94,1.88
3,Palladium Myr,som,Scars of Mirrodin,,0.62,1.86
2,Clifftop Retreat,isd,Innistrad,,0.93,1.86
2,Elvish Archdruid,m10,Magic 2010,,0.93,1.86
1,Praetor's Counsel,mbs,Mirrodin Besieged,,1.85,1.85
1,Druid's Familiar,avr,Avacyn Restored,TRUE,1.84,1.84
1,The Watcher in the Water,ltr,The Lord of the Rings: Tales of Middle-earth,,1.84,1.84
1,Imp's Mischief,otp,Breaking News,,1.83,1.83
1,Nomads' Assembly,roe,Rise of the Eldrazi,TRUE,1.83,1.83
1,Ghost Vacuum,dsk,Duskmourn: House of Horror,,1.82,1.82
3,Archangel's Light,dka,Dark Ascension,,0.6,1.8
2,Burn at the Stake,avr,Avacyn Restored,,0.9,1.8
2,Moonveil Dragon,dka,Dark Ascension,,0.9,1.8
2,Nature's Claim,wwk,Worldwake,,0.89,1.78
4,Eldrazi Spawn Token,troe,Rise of the Eldrazi Tokens,,0.44,1.76
1,Withering Torment,dsk,Duskmourn: House of Horror,,1.76,1.76
1,Life's Finale,nph,New Phyrexia,,1.76,1.76
6,Tandem Lookout,avr,Avacyn Restored,,0.29,1.74
3,Pithing Needle,rtr,Return to Ravnica,,0.58,1.74
1,Curse of Echoes,dka,Dark Ascension,TRUE,1.74,1.74
1,Abrupt Decay,plst,The List,,2.42,1.73
4,Bower Passage,avr,Avacyn Restored,,0.43,1.72
1,"Kona, Rescue Beastie",dsk,Duskmourn: House of Horror,,1.72,1.72
1,Worldslayer,m12,Magic 2012,,1.67,1.67
1,Kor Spiritdancer,pca,Planechase Anthology,,1.66,1.66
5,Treacherous Pit-Dweller,avr,Avacyn Restored,,0.33,1.65
1,Split Up,dsk,Duskmourn: House of Horror,,1.65,1.65
1,Beast Within,onc,Phyrexia: All Will Be One Commander,,1.64,1.64
4,Chancellor of the Tangle,nph,New Phyrexia,,0.4,1.6
1,Woodland Cemetery,isd,Innistrad,,1.6,1.6
1,Myr Sire,mbs,Mirrodin Besieged,TRUE,1.6,1.6
1,Deathless Angel,roe,Rise of the Eldrazi,,1.6,1.6
3,Increasing Vengeance,dka,Dark Ascension,,0.53,1.59
1,Ghostly Dancers,pdsk,Duskmourn: House of Horror Promos,TRUE,1.59,1.59
1,Brutalizer Exarch,nph,New Phyrexia,TRUE,1.58,1.58
1,Quest for the Holy Relic,zen,Zendikar,TRUE,1.58,1.58
1,Baneful Omen,roe,Rise of the Eldrazi,,1.57,1.57
4,Curse of Exhaustion,dka,Dark Ascension,,0.39,1.56
4,Mondronen Shaman,dka,Dark Ascension,,0.39,1.56
4,Thought Scour,dka,Dark Ascension,,0.39,1.56
4,Tovolar's Magehunter,dka,Dark Ascension,,0.39,1.56
4,Essence of the Wild,isd,Innistrad,,0.39,1.56
3,Feed the Pack,dka,Dark Ascension,,0.52,1.56
1,Jade Mage,m12,Magic 2012,TRUE,1.56,1.56
2,Curse of Misfortunes,dka,Dark Ascension,,0.77,1.54
2,Curse of Misfortunes,dka,Dark Ascension,,0.77,1.54
2,Golgari Charm,rtr,Return to Ravnica,,0.77,1.54
1,Utopia Sprawl,dis,Dissension,,1.53,1.53
1,Fiery Inscription,ltr,The Lord of the Rings: Tales of Middle-earth,TRUE,1.53,1.53
1,Bloodgift Demon,isd,Innistrad,,1.52,1.52
1,Weaver of Harmony,neo,Kamigawa: Neon Dynasty,,1.52,1.52
1,"The Balrog, Flame of Ud√ªn",ltr,The Lord of the Rings: Tales of Middle-earth,,1.52,1.52
1,Howlpack Alpha,isd,Innistrad,,1.51,1.51
1,Mayor of Avabruck,isd,Innistrad,,1.51,1.51
3,Ghoultree,dka,Dark Ascension,,0.5,1.5
4,Mass Appeal,avr,Avacyn Restored,,0.37,1.48
4,Flayer of the Hatebound,dka,Dark Ascension,,0.37,1.48
1,"Marvin, Murderous Mimic",dsk,Duskmourn: House of Horror,,1.48,1.48
3,Sturmgeist,isd,Innistrad,TRUE,0.49,1.47
4,Skullcrack,gtc,Gatecrash,,0.36,1.44
3,Sacred Cat Token,takh,Amonkhet Tokens,,0.48,1.44
1,Rootbound Crag,m12,Magic 2012,,1.44,1.44
1,"Gandalf, White Rider",ltr,The Lord of the Rings: Tales of Middle-earth,,1.42,1.42
5,Archwing Dragon,avr,Avacyn Restored,,0.28,1.4
3,Skaab Ruinator,isd,Innistrad,,0.46,1.38
2,Jagged Barrens,otj,Outlaws of Thunder Junction,,0.69,1.38
1,Drogskol Reaver,dka,Dark Ascension,,1.37,1.37
1,Stolen Goods,avr,Avacyn Restored,TRUE,1.36,1.36
1,Everythingamajig,ust,Unstable,,1.36,1.36
3,Zealous Conscripts,avr,Avacyn Restored,,0.45,1.35
3,Harrow,zen,Zendikar,,0.45,1.35
3,Vizkopa Guildmage,gtc,Gatecrash,,0.44,1.32
1,The Jolly Balloon Man,dsk,Duskmourn: House of Horror,,1.32,1.32
2,Mesa Enchantress,m12,Magic 2012,,0.65,1.3
3,Bower Passage,avr,Avacyn Restored,,0.43,1.29
1,Pithing Needle,m10,Magic 2010,,1.27,1.27
3,Eldrazi Spawn Token,troe,Rise of the Eldrazi Tokens,,0.42,1.26
2,Silverblade Paladin,avr,Avacyn Restored,,0.63,1.26
2,Steel Hellkite,som,Scars of Mirrodin,,0.63,1.26
1,Beast Within,nph,New Phyrexia,,1.26,1.26
2,Duskmantle Guildmage,gtc,Gatecrash,,0.62,1.24
2,Garbage Elemental,ust,Unstable,,0.62,1.24
1,Dragonskull Summit,m12,Magic 2012,,1.24,1.24
1,Gut Shot,nph,New Phyrexia,,1.24,1.24
3,Unmake,eve,Eventide,,0.41,1.23
1,Back from the Brink,isd,Innistrad,TRUE,1.23,1.23
1,Dazzling Theater // Prop Room,dsk,Duskmourn: House of Horror,,1.21,1.21
4,Desecration Demon,rtr,Return to Ravnica,,0.3,1.2
3,Alloy Myr,nph,New Phyrexia,,0.4,1.2
2,Wolfir Silverheart,avr,Avacyn Restored,,0.6,1.2
1,Somberwald Sage,avr,Avacyn Restored,,1.2,1.2
1,Foundry Street Denizen,gtc,Gatecrash,TRUE,1.19,1.19
1,Moonsilver Spear,pavr,Avacyn Restored Promos,TRUE,1.18,1.18
3,Guenhwyvar Token,tafr,Adventures in the Forgotten Realms Tokens,,0.39,1.17
3,Slayers' Stronghold,avr,Avacyn Restored,,0.39,1.17
1,Moonsilver Spear,avr,Avacyn Restored,TRUE,1.17,1.17
1,The Watcher in the Water,ltr,The Lord of the Rings: Tales of Middle-earth,,1.17,1.17
6,Vampire Nighthawk,m13,Magic 2013,,0.19,1.14
3,Full Moon's Rise,isd,Innistrad,,0.38,1.14
2,Clue Token,tust,Unstable Tokens,TRUE,0.57,1.14
1,As Luck Would Have It,ust,Unstable,TRUE,1.14,1.14
1,Angelic Overseer,isd,Innistrad,,1.13,1.13
1,"Bonny Pall, Clearcutter",otj,Outlaws of Thunder Junction,,1.13,1.13
1,Teacher's Pet,ust,Unstable,TRUE,1.13,1.13
3,Favorable Winds,avr,Avacyn Restored,,0.37,1.11
1,The Jolly Balloon Man,dsk,Duskmourn: House of Horror,,1.1,1.1
1,Open the Vaults,m10,Magic 2010,,1.1,1.1
3,Grim Backwoods,dka,Dark Ascension,,0.36,1.08
3,Blade Splicer,nph,New Phyrexia,,0.36,1.08
3,Snake Umbra,roe,Rise of the Eldrazi,,0.36,1.08
3,Dispel,wwk,Worldwake,,0.36,1.08
2,Mindshrieker,isd,Innistrad,,0.54,1.08
2,Tezzeret's Gambit,nph,New Phyrexia,,0.54,1.08
1,Entity Tracker,dsk,Duskmourn: House of Horror,TRUE,1.08,1.08
1,Mindshrieker,isd,Innistrad,TRUE,1.07,1.07
1,The Mindskinner,dsk,Duskmourn: House of Horror,,1.06,1.06
1,Sun Titan,m12,Magic 2012,,1.06,1.06
1,Nightveil Specter,gk1_dimir,Guild Kit: Dimir,,1.05,1.05
1,Merciless Predator,isd,Innistrad,TRUE,1.05,1.05
1,Reckless Waif,isd,Innistrad,TRUE,1.05,1.05
1,"Aragorn, King of Gondor",ltc,Tales of Middle-earth Commander,,1.04,1.04
1,Flumph,afr,Adventures in the Forgotten Realms,,1.03,1.03
1,Perimeter Captain,wwk,Worldwake,,1.03,1.03
1,Kruin Outlaw,isd,Innistrad,,1.01,1.01
1,Terror of Kruin Pass,isd,Innistrad,,1.01,1.01
1,Firemind's Foresight,rtr,Return to Ravnica,TRUE,1.01,1.01
1,Champion of Lambholt,avr,Avacyn Restored,,1,1
1,Contaminated Ground,gtc,Gatecrash,TRUE,1,1
1,Creeping Renaissance,isd,Innistrad,,1,1
3,Eldrazi Spawn Token,troe,Rise of the Eldrazi Tokens,,0.33,0.99
1,Havengul Vampire,cn2,Conspiracy: Take the Crown,TRUE,0.99,0.99
1,"Gollum, Scheming Guide",ltr,The Lord of the Rings: Tales of Middle-earth,,0.99,0.99
1,Thought Vessel,plg22,Love Your LGS 2022,TRUE,0.97,0.97
2,Distortion Strike,roe,Rise of the Eldrazi,,0.48,0.96
1,Kessig Malcontents,avr,Avacyn Restored,TRUE,0.96,0.96
1,Gather the Townsfolk,dka,Dark Ascension,TRUE,0.96,0.96
1,Dread Slaver,avr,Avacyn Restored,TRUE,0.94,0.94
3,Dark Impostor,avr,Avacyn Restored,,0.31,0.93
1,Molten Primordial,gtc,Gatecrash,,0.93,0.93
1,Mirkwood Bats,ltr,The Lord of the Rings: Tales of Middle-earth,TRUE,0.93,0.93
2,Aetherize,gtc,Gatecrash,,0.46,0.92
2,Zombie Token,tust,Unstable Tokens,TRUE,0.46,0.92
2,Vengeful Vampire,dka,Dark Ascension,TRUE,0.45,0.9
2,Galvanoth,mbs,Mirrodin Besieged,TRUE,0.45,0.9
2,Saproling Token,tust,Unstable Tokens,TRUE,0.45,0.9
1,Lightning Mauler,avr,Avacyn Restored,TRUE,0.89,0.89
1,Vraska Joins Up,otj,Outlaws of Thunder Junction,TRUE,0.89,0.89
1,Ineffable Blessing,ust,Unstable,,0.89,0.89
2,Chalice of Death,dka,Dark Ascension,,0.44,0.88
2,Chalice of Life,dka,Dark Ascension,,0.44,0.88
2,Increasing Savagery,dka,Dark Ascension,,0.44,0.88
2,Nevermore,isd,Innistrad,,0.44,0.88
2,Brood Birthing,roe,Rise of the Eldrazi,,0.44,0.88
1,Twitching Doll,dsk,Duskmourn: House of Horror,TRUE,0.88,0.88
1,Grimoire of the Dead,isd,Innistrad,,0.88,0.88
1,March of Otherworldly Light,neo,Kamigawa: Neon Dynasty,,0.88,0.88
1,Jwari Scuttler,roe,Rise of the Eldrazi,TRUE,0.88,0.88
1,Glint Hawk,som,Scars of Mirrodin,,0.87,0.87
2,Angel of Glory's Rise,avr,Avacyn Restored,,0.43,0.86
2,Hover Barrier,rtr,Return to Ravnica,,0.43,0.86
1,Divine Deflection,avr,Avacyn Restored,TRUE,0.86,0.86
1,Entity Tracker,dsk,Duskmourn: House of Horror,,0.85,0.85
1,Liege of the Tangle,som,Scars of Mirrodin,,0.85,0.85
2,Young Wolf,dka,Dark Ascension,,0.42,0.84
2,Moonsilver Spear,avr,Avacyn Restored,,0.41,0.82
2,Brave the Elements,zen,Zendikar,,0.41,0.82
1,Goldnight Redeemer,avr,Avacyn Restored,TRUE,0.81,0.81
1,Requiem Angel,dka,Dark Ascension,,0.81,0.81
1,Urban Burgeoning,rtr,Return to Ravnica,TRUE,0.81,0.81
2,Mana Bloom,rtr,Return to Ravnica,,0.4,0.8
2,Journey to Nowhere,zen,Zendikar,,0.4,0.8
1,Jarad's Orders,rtr,Return to Ravnica,,0.8,0.8
1,Jarad's Orders,rtr,Return to Ravnica,,0.8,0.8
1,"Gandalf, Friend of the Shire",ltr,The Lord of the Rings: Tales of Middle-earth,TRUE,0.79,0.79
2,Goat Token,tust,Unstable Tokens,TRUE,0.39,0.78
1,Rancor,m13,Magic 2013,,0.78,0.78
1,Golgari Charm,rtr,Return to Ravnica,,0.77,0.77
1,Gnome Token,tust,Unstable Tokens,TRUE,0.77,0.77
2,Elixir of Immortality,m13,Magic 2013,,0.38,0.76
1,Lashwrithe,nph,New Phyrexia,,0.74,0.74
1,Sphinx's Revelation,rtr,Return to Ravnica,,0.74,0.74
1,Dungrove Elder,m12,Magic 2012,,0.73,0.73
2,Nantuko Mentor,ody,Odyssey,,0.36,0.72
1,Ghoultree,dka,Dark Ascension,TRUE,0.72,0.72
1,Grappling Hook,zen,Zendikar,,0.72,0.72
1,Chosen of Markov,dka,Dark Ascension,TRUE,0.71,0.71
1,Markov's Servant,dka,Dark Ascension,TRUE,0.71,0.71
1,Skeletal Grimace,isd,Innistrad,TRUE,0.71,0.71
2,Revenge of the Hunted,avr,Avacyn Restored,,0.35,0.7
2,Witchbane Orb,isd,Innistrad,,0.35,0.7
1,Corpsejack Menace,mb1,Mystery Booster,,0.7,0.7
1,Generous Ent,ltr,The Lord of the Rings: Tales of Middle-earth,,0.7,0.7
2,Tyrant of Discord,avr,Avacyn Restored,,0.34,0.68
2,Gigantomancer,roe,Rise of the Eldrazi,,0.34,0.68
2,Pyromancer Ascension,zen,Zendikar,,0.34,0.68
1,Cathedral Sanctifier,avr,Avacyn Restored,TRUE,0.68,0.68
1,Butcher of Malakir,wwk,Worldwake,,0.68,0.68
2,Blustersquall,rtr,Return to Ravnica,,0.33,0.66
1,Hippo Token,takh,Amonkhet Tokens,,0.66,0.66
1,Court Street Denizen,gtc,Gatecrash,TRUE,0.66,0.66
1,Kessig Wolf Run,isd,Innistrad,,0.66,0.66
1,Raging Ravine,wwk,Worldwake,,0.66,0.66
1,Door to Nothingness,m13,Magic 2013,,0.65,0.65
1,Guardian Seraph,m10,Magic 2010,,0.64,0.64
1,Halimar Depths,wwk,Worldwake,,0.64,0.64
1,Scrambleverse,m12,Magic 2012,,0.63,0.63
1,Soul Conduit,nph,New Phyrexia,,0.63,0.63
1,Prototype Portal,som,Scars of Mirrodin,,0.63,0.63
1,Moan of the Unhallowed,isd,Innistrad,TRUE,0.62,0.62
1,Dawnglare Invoker,roe,Rise of the Eldrazi,TRUE,0.62,0.62
1,Garbage Elemental,ust,Unstable,,0.62,0.62
1,Terra Eternal,wwk,Worldwake,,0.61,0.61
1,Socketed Sprocketer,ust,Unstable,TRUE,0.6,0.6
1,Vorel of the Hull Clade,dgm,Dragon's Maze,,0.59,0.59
2,Spider Umbra,roe,Rise of the Eldrazi,,0.29,0.58
1,Lunar Mystic,avr,Avacyn Restored,TRUE,0.58,0.58
1,Nomads' Assembly,roe,Rise of the Eldrazi,,0.58,0.58
1,Parasitic Implant,nph,New Phyrexia,TRUE,0.57,0.57
1,Lord of Shatterskull Pass,roe,Rise of the Eldrazi,,0.57,0.57
1,Everflowing Chalice,wwk,Worldwake,,0.57,0.57
2,Avacyn's Pilgrim,isd,Innistrad,,0.28,0.56
1,Fires of Undeath,dka,Dark Ascension,TRUE,0.56,0.56
1,Hellrider,dka,Dark Ascension,,0.56,0.56
1,Pride Guardian,m12,Magic 2012,TRUE,0.56,0.56
1,Lively Dirge,otj,Outlaws of Thunder Junction,,0.55,0.55
1,Rising of the Day,ltr,The Lord of the Rings: Tales of Middle-earth,,0.55,0.55
1,Infinity Elemental,ust,Unstable,,0.55,0.55
1,Murasa Pyromancer,zen,Zendikar,TRUE,0.55,0.55
1,Fling,dka,Dark Ascension,TRUE,0.54,0.54
1,Peel from Reality,avr,Avacyn Restored,TRUE,0.53,0.53
1,Collective Blessing,rtr,Return to Ravnica,,0.53,0.53
1,Lavaclaw Reaches,wwk,Worldwake,,0.53,0.53
1,Biovisionary,gtc,Gatecrash,,0.52,0.52
1,Omnivorous Flytrap,dsk,Duskmourn: House of Horror,,0.51,0.51
1,Undead Alchemist,isd,Innistrad,,0.51,0.51
1,Mizzium Mortars,rtr,Return to Ravnica,,0.51,0.51
1,Predatory Urge,zen,Zendikar,TRUE,0.51,0.51
1,Sudden Disappearance,dka,Dark Ascension,TRUE,0.5,0.5
1,Angel Token,plst,The List,,0.5,0.5
1,Doomsday Excruciator,dsk,Duskmourn: House of Horror,,0.49,0.49
1,Daybreak Ranger,isd,Innistrad,,0.49,0.49
1,Nightfall Predator,isd,Innistrad,,0.49,0.49
1,Grievous Wound,dsk,Duskmourn: House of Horror,,0.48,0.48
1,Counterflux,rtr,Return to Ravnica,,0.48,0.48
1,Quicksilver Gargantuan,som,Scars of Mirrodin,,0.48,0.48
1,Gruul Keyrune,gtc,Gatecrash,TRUE,0.47,0.47
1,"Nefarox, Overlord of Grixis",m13,Magic 2013,,0.47,0.47
1,Tinybones Joins Up,otj,Outlaws of Thunder Junction,,0.47,0.47
1,Executioner's Hood,dka,Dark Ascension,TRUE,0.46,0.46
1,Evil Presence,nph,New Phyrexia,TRUE,0.46,0.46
1,Priest of Urabrask,nph,New Phyrexia,,0.46,0.46
1,Gravity Well,roe,Rise of the Eldrazi,,0.46,0.46
1,Turntimber Ranger,zen,Zendikar,,0.46,0.46
1,Builder's Blessing,avr,Avacyn Restored,TRUE,0.45,0.45
1,Moldgraf Monstrosity,isd,Innistrad,,0.45,0.45
1,Nephalia Drownyard,isd,Innistrad,,0.45,0.45
1,Slag Fiend,nph,New Phyrexia,TRUE,0.45,0.45
1,Ethereal Armor,rtr,Return to Ravnica,,0.44,0.44
1,Shire Terrace,ltr,The Lord of the Rings: Tales of Middle-earth,TRUE,0.44,0.44
1,"Arabella, Abandoned Doll",dsk,Duskmourn: House of Horror,,0.43,0.43
1,Boros Reckoner,gtc,Gatecrash,,0.43,0.43
1,Unbreathing Horde,isd,Innistrad,,0.43,0.43
1,"Frodo, Determined Hero",ltr,The Lord of the Rings: Tales of Middle-earth,,0.43,0.43
1,Moon-Blessed Cleric,afr,Adventures in the Forgotten Realms,,0.42,0.42
1,Leyline of Transformation,dsk,Duskmourn: House of Horror,,0.42,0.42
1,Iron Myr,som,Scars of Mirrodin,,0.42,0.42
1,Falkenrath Aristocrat,dka,Dark Ascension,,0.41,0.41
1,"Chandra, Torch of Defiance Emblem",tkld,Kaladesh Tokens,,0.41,0.41
1,Dr. Julius Jumblemorph,ust,Unstable,,0.41,0.41
1,"Phoebe, Head of S.N.E.A.K.",ust,Unstable,,0.41,0.41
1,Leap of Faith,avr,Avacyn Restored,TRUE,0.4,0.4
1,Electrodominance,otp,Breaking News,,0.4,0.4
1,Unwanted Remake,dsk,Duskmourn: House of Horror,TRUE,0.4,0.4
1,Reality Spasm,roe,Rise of the Eldrazi,,0.4,0.4
1,Mordant Dragon,wwk,Worldwake,,0.4,0.4
1,Quest for Pure Flame,zen,Zendikar,,0.4,0.4
1,Borborygmos Enraged,gtc,Gatecrash,,0.39,0.39
1,Merciless Eviction,gtc,Gatecrash,,0.39,0.39
1,Curse of Stalked Prey,isd,Innistrad,,0.38,0.38
1,Heightened Awareness,pcy,Prophecy,,0.38,0.38
1,Spirit Token,tltr,Tales of Middle-earth Tokens,TRUE,0.38,0.38
1,Sly Spy,ust,Unstable,,0.38,0.38
1,Timbermaw Larva,zen,Zendikar,TRUE,0.38,0.38
1,Containment Construct,neo,Kamigawa: Neon Dynasty,,0.37,0.37
1,Battle Cry Goblin,afr,Adventures in the Forgotten Realms,,0.36,0.36
1,Rampant Growth,m10,Magic 2010,,0.36,0.36
1,Human Rogue Token (Outlaws' Merriment),teld,Throne of Eldraine Tokens,,0.36,0.36
1,Rogue's Passage,rtr,Return to Ravnica,,0.35,0.35
1,Deprive,roe,Rise of the Eldrazi,,0.35,0.35
1,Steamflogger Boss,ust,Unstable,,0.35,0.35
1,Talus Paladin,wwk,Worldwake,,0.35,0.35
1,Consuming Vapors,roe,Rise of the Eldrazi,,0.34,0.34
1,Conqueror's Pledge,zen,Zendikar,,0.34,0.34
1,Nettle Swine,avr,Avacyn Restored,TRUE,0.33,0.33
1,Rising of the Day,ltr,The Lord of the Rings: Tales of Middle-earth,,0.33,0.33
1,Primal Bellow,zen,Zendikar,,0.33,0.33
1,Angelic Armaments,avr,Avacyn Restored,TRUE,0.32,0.32
1,Undying Evil,dka,Dark Ascension,,0.32,0.32
1,Renegade Doppelganger,roe,Rise of the Eldrazi,,0.32,0.32
1,Underworld Connections,rtr,Return to Ravnica,,0.31,0.31
1,Smaug Token,tltr,Tales of Middle-earth Tokens,TRUE,0.31,0.31
1,Restricted Office // Lecture Hall,dsk,Duskmourn: House of Horror,TRUE,0.3,0.3
1,Dreg Mangler,rtr,Return to Ravnica,TRUE,0.3,0.3
1,Fires of Mount Doom,ltr,The Lord of the Rings: Tales of Middle-earth,,0.3,0.3
1,Agadeem Occultist,wwk,Worldwake,,0.3,0.3
1,Hound of Griselbrand,avr,Avacyn Restored,,0.29,0.29
1,Phial of Galadriel,ltr,The Lord of the Rings: Tales of Middle-earth,,0.29,0.29
1,Trap Digger,scg,Scourge,,0.28,0.28
1,Silverclaw Griffin,dka,Dark Ascension,TRUE,0.27,0.27
1,Ethereal Armor,dsk,Duskmourn: House of Horror,TRUE,0.27,0.27
1,Patchwork Automaton,neo,Kamigawa: Neon Dynasty,,0.27,0.27
1,Knight of the Kitchen Sink,ust,Unstable,,0.27,0.27
1,Ricochet Trap,plst,The List,,0.26,0.26
1,Rules Lawyer,ust,Unstable,,0.26,0.26
1,Helvault,dka,Dark Ascension,,0.25,0.25
1,Peregrin Took,ltr,The Lord of the Rings: Tales of Middle-earth,,0.25,0.25
1,Animate Library,ust,Unstable,,0.23,0.23
1,Fencing Ace,rtr,Return to Ravnica,TRUE,0.21,0.21
1,Knight of the Kitchen Sink,ust,Unstable,,0.21,0.21
1,Beast Token,tust,Unstable Tokens,TRUE,0.2,0.2
1,Balustrade Wurm,dsk,Duskmourn: House of Horror,,0.17,0.17
1,Samwise the Stouthearted,ltr,The Lord of the Rings: Tales of Middle-earth,TRUE,0.15,0.15
1,Terror,4ed,Fourth Edition,,0.14,0.14
1,Under the Skin,dsk,Duskmourn: House of Horror,,0.13,0.13
1,"Frodo, Sauron's Bane",ltr,The Lord of the Rings: Tales of Middle-earth,TRUE,0.12,0.12
5,Faerie Dragon Token,tafr,Adventures in the Forgotten Realms Tokens,,0,0
1,Assault Griffin,m12,Magic 2012,TRUE,0,0
1,Selesnya Sentry,rtr,Return to Ravnica,TRUE,0,0
1,Angel Token,tust,Unstable Tokens,TRUE,0,0
